Model,Avg Similarity,Speed,Size,TOPSIS Score,Rank
distilgpt2,0.9998012,0.8005912054907596,0.7766686957243893,0.5777494885388106,1.0
EleutherAI/gpt-neo-1.3B,0.9953744,0.9508039908793254,0.6596143292314087,0.5144031834485144,2.0
gpt2,0.9999252,0.9010022577894957,0.6172033772484661,0.3221588892105698,3.0
